Year,Month,Date,date,GHI,ID,Station,Province,Tower,Code,Long (X),Lat. (Y),Altitude,WV_AOT(675_nm),WV_AOT(440_nm),AOT(675_nm),AOT(440_nm),PW(cm),Pre(mbars),O3(cm),N(cm),Temp_(K),
2020,Jan.,1,1,334.33,MZ03,MZ03_Ocua,Cabo delgado,TDM,TDM,39.39,-11.55,60.00,0.67,0.44,0.05,0.08,4.33,957.92,2.61,0.000945,272.99,
2020,Jan.,2,2,332.28,MZ03,MZ03_Ocua,Cabo delgado,TDM,TDM,39.39,-11.55,60.00,0.67,0.44,0.07,0.10,4.31,957.77,2.61,0.000945,272.99,
2020,Jan.,3,3,371.59,MZ03,MZ03_Ocua,Cabo delgado,TDM,TDM,39.39,-11.55,60.00,0.67,0.44,0.10,0.15,4.15,957.51,2.61,0.000945,272.99,
2020,Jan.,4,4,184.47,MZ03,MZ03_Ocua,Cabo delgado,TDM,TDM,39.39,-11.55,60.00,0.67,0.44,0.04,0.06,4.52,956.98,2.61,0.000945,272.99,
2020,Jan.,5,5,239.19,MZ03,MZ03_Ocua,Cabo delgado,TDM,TDM,39.39,-11.55,60.00,0.67,0.44,0.05,0.07,3.86,956.94,2.61,0.000945,272.99,
2020,Jan.,6,6,497.43,MZ03,MZ03_Ocua,Cabo delgado,TDM,TDM,39.39,-11.55,60.00,0.67,0.44,0.06,0.08,3.92,956.72,2.61,0.000945,272.99,
2020,Jan.,7,7,420.43,MZ03,MZ03_Ocua,Cabo delgado,TDM,TDM,39.39,-11.55,60.00,0.67,0.44,0.11,0.20,1.88,956.42,2.61,0.000945,272.99,
2020,Jan.,8,8,299.70,MZ03,MZ03_Ocua,Cabo delgado,TDM,TDM,39.39,-11.55,60.00,0.67,0.44,0.12,0.24,1.70,955.58,2.61,0.000945,272.99,
2020,Jan.,9,9,506.54,MZ03,MZ03_Ocua,Cabo delgado,TDM,TDM,39.39,-11.55,60.00,0.67,0.44,0.11,0.22,1.85,955.66,2.61,0.000945,272.99,
2020,Jan.,10,10,46.52,MZ03,MZ03_Ocua,Cabo delgado,TDM,TDM,39.39,-11.55,60.00,0.67,0.44,0.12,0.24,1.39,955.68,2.61,0.000945,272.99,
2020,Jan.,11,11,246.15,MZ03,MZ03_Ocua,Cabo delgado,TDM,TDM,39.39,-11.55,60.00,0.67,0.44,0.10,0.19,2.26,955.72,2.61,0.000945,272.99,
2020,Jan.,12,12,340.08,MZ03,MZ03_Ocua,Cabo delgado,TDM,TDM,39.39,-11.55,60.00,0.67,0.44,0.12,0.24,2.50,955.74,2.61,0.000945,272.99,
2020,Jan.,13,13,484.75,MZ03,MZ03_Ocua,Cabo delgado,TDM,TDM,39.39,-11.55,60.00,0.67,0.44,0.10,0.20,2.37,955.78,2.61,0.000945,272.99,
2020,Jan.,14,14,492.14,MZ03,MZ03_Ocua,Cabo delgado,TDM,TDM,39.39,-11.55,60.00,0.67,0.44,0.14,0.28,2.25,955.79,2.61,0.000945,272.99,
2020,Jan.,15,15,323.88,MZ03,MZ03_Ocua,Cabo delgado,TDM,TDM,39.39,-11.55,60.00,0.67,0.44,0.19,0.39,2.44,955.84,2.61,0.000945,272.99,
2020,Jan,16,16,365.80,MZ03,MZ03_Ocua,Cabo delgado,TDM,TDM,39.39,-11.55,60.00,0.67,0.44,0.17,0.36,1.99,955.85,2.61,0.000945,272.99,
2020,Jan,17,17,402.13,MZ03,MZ03_Ocua,Cabo delgado,TDM,TDM,39.39,-11.55,60.00,0.67,0.44,0.13,0.27,1.79,955.99,2.61,0.000946,272.99,
2020,Jan,18,18,286.15,MZ03,MZ03_Ocua,Cabo delgado,TDM,TDM,39.39,-11.55,60.00,0.67,0.44,0.08,0.13,2.25,956.02,2.61,0.000946,272.99,
2020,Jan,19,19,138.67,MZ03,MZ03_Ocua,Cabo delgado,TDM,TDM,39.39,-11.55,60.00,0.67,0.44,0.08,0.14,2.35,956.02,2.61,0.000946,272.99,
2020,Jan,20,20,498.50,MZ03,MZ03_Ocua,Cabo delgado,TDM,TDM,39.39,-11.55,60.00,0.67,0.44,0.09,0.17,2.27,956.03,2.61,0.000946,272.99,
2020,Jan,21,21,252.21,MZ03,MZ03_Ocua,Cabo delgado,TDM,TDM,39.39,-11.55,60.00,0.67,0.44,0.11,0.23,2.11,956.03,2.61,0.000946,272.99,
2020,Jan,22,22,350.84,MZ03,MZ03_Ocua,Cabo delgado,TDM,TDM,39.39,-11.55,60.00,0.67,0.44,0.27,0.62,2.43,956.04,2.61,0.000946,272.99,
2020,Jan,23,23,296.00,MZ03,MZ03_Ocua,Cabo delgado,TDM,TDM,39.39,-11.55,60.00,0.67,0.44,0.24,0.52,2.16,957.40,2.61,0.000946,272.99,
2020,Jan,24,24,296.00,MZ03,MZ03_Ocua,Cabo delgado,TDM,TDM,39.39,-11.55,60.00,0.67,0.44,0.23,0.51,1.64,957.36,2.61,0.000946,272.99,
2020,Jan,25,25,491.27,MZ03,MZ03_Ocua,Cabo delgado,TDM,TDM,39.39,-11.55,60.00,0.67,0.44,0.21,0.35,1.75,957.32,2.61,0.000946,272.99,
2020,Jan,26,26,466.76,MZ03,MZ03_Ocua,Cabo delgado,TDM,TDM,39.39,-11.55,60.00,0.67,0.44,0.25,0.52,1.97,957.18,2.61,0.000946,272.99,
2020,Jan,27,27,410.92,MZ03,MZ03_Ocua,Cabo delgado,TDM,TDM,39.39,-11.55,60.00,0.67,0.44,0.21,0.43,1.98,956.50,2.61,0.000946,272.99,
2020,Jan,28,28,304.39,MZ03,MZ03_Ocua,Cabo delgado,TDM,TDM,39.39,-11.55,60.00,0.67,0.44,0.20,0.42,1.79,956.19,2.61,0.000946,272.99,
2020,Jan,29,29,369.02,MZ03,MZ03_Ocua,Cabo delgado,TDM,TDM,39.39,-11.55,60.00,0.67,0.44,0.56,1.29,1.50,957.62,2.61,0.000946,272.99,
2020,Jan,30,30,215.71,MZ03,MZ03_Ocua,Cabo delgado,TDM,TDM,39.39,-11.55,60.00,0.67,0.44,0.11,0.22,1.83,957.45,2.61,0.000946,272.99,
2020,Jan,31,31,200.96,MZ03,MZ03_Ocua,Cabo delgado,TDM,TDM,39.39,-11.55,60.00,0.67,0.44,0.24,0.49,2.48,957.01,2.61,0.000946,272.99,
2020,Feb.,1,32,183.56,MZ03,MZ03_Ocua,Cabo delgado,TDM,TDM,39.39,-11.55,60.00,0.67,0.44,0.26,0.49,1.98,956.07,2.61,0.000946,272.99,
2020,Feb.,2,33,222.72,MZ03,MZ03_Ocua,Cabo delgado,TDM,TDM,39.39,-11.55,60.00,0.67,0.44,0.30,0.68,2.30,956.07,2.61,0.000946,272.99,
2020,Feb.,3,34,497.99,MZ03,MZ03_Ocua,Cabo delgado,TDM,TDM,39.39,-11.55,60.00,0.67,0.44,0.18,0.29,2.54,956.08,2.61,0.000946,272.99,
2020,Feb.,4,35,215.09,MZ03,MZ03_Ocua,Cabo delgado,TDM,TDM,39.39,-11.55,60.00,0.67,0.44,0.20,0.35,2.74,956.08,2.61,0.000946,272.99,
2020,Feb.,5,36,324.41,MZ03,MZ03_Ocua,Cabo delgado,TDM,TDM,39.39,-11.55,60.00,0.67,0.44,0.14,0.27,2.40,956.10,2.61,0.000946,272.99,
2020,Feb.,6,37,513.65,MZ03,MZ03_Ocua,Cabo delgado,TDM,TDM,39.39,-11.55,60.00,0.67,0.44,0.17,0.36,2.57,956.20,2.61,0.000946,272.99,
2020,Feb.,7,38,178.07,MZ03,MZ03_Ocua,Cabo delgado,TDM,TDM,39.39,-11.55,60.00,0.67,0.44,0.17,0.34,2.47,956.20,2.61,0.000946,272.99,
2020,Feb.,8,39,357.07,MZ03,MZ03_Ocua,Cabo delgado,TDM,TDM,39.39,-11.55,60.00,0.67,0.44,0.07,0.13,2.21,956.21,2.61,0.000946,272.99,
2020,Feb.,9,40,338.81,MZ03,MZ03_Ocua,Cabo delgado,TDM,TDM,39.39,-11.55,60.00,0.67,0.44,0.17,0.37,1.91,957.48,2.61,0.000946,272.99,
2020,Feb.,10,41,263.05,MZ03,MZ03_Ocua,Cabo delgado,TDM,TDM,39.39,-11.55,60.00,0.67,0.44,0.16,0.30,2.01,957.45,2.61,0.000946,272.99,
2020,Feb.,11,42,352.99,MZ03,MZ03_Ocua,Cabo delgado,TDM,TDM,39.39,-11.55,60.00,0.67,0.44,0.14,0.28,1.76,956.46,2.61,0.000946,272.99,
2020,Feb.,12,43,354.04,MZ03,MZ03_Ocua,Cabo delgado,TDM,TDM,39.39,-11.55,60.00,0.67,0.44,0.16,0.33,1.69,956.41,2.61,0.000946,272.99,
2020,Feb.,13,44,199.57,MZ03,MZ03_Ocua,Cabo delgado,TDM,TDM,39.39,-11.55,60.00,0.67,0.44,0.28,0.54,1.96,956.36,2.61,0.000946,272.99,
2020,Feb,14,45,445.42,MZ03,MZ03_Ocua,Cabo delgado,TDM,TDM,39.39,-11.55,60.00,0.67,0.44,0.26,0.56,1.81,956.31,2.61,0.000946,272.99,
2020,Feb,15,46,477.11,MZ03,MZ03_Ocua,Cabo delgado,TDM,TDM,39.39,-11.55,60.00,0.67,0.44,0.22,0.46,1.90,956.11,2.61,0.000946,272.99,
2020,Feb,16,47,514.69,MZ03,MZ03_Ocua,Cabo delgado,TDM,TDM,39.39,-11.55,60.00,0.67,0.44,0.16,0.35,1.51,960.61,2.59,0.001435,272.99,
2020,Feb,17,48,197.96,MZ03,MZ03_Ocua,Cabo delgado,TDM,TDM,39.39,-11.55,60.00,0.67,0.44,0.09,0.20,2.06,960.57,2.59,0.001435,272.99,
2020,Feb,18,49,455.50,MZ03,MZ03_Ocua,Cabo delgado,TDM,TDM,39.39,-11.55,60.00,0.67,0.44,0.14,0.30,2.15,960.54,2.59,0.001435,272.99,
2020,Feb,19,50,255.23,MZ03,MZ03_Ocua,Cabo delgado,TDM,TDM,39.39,-11.55,60.00,0.67,0.44,0.13,0.28,2.36,960.30,2.60,0.001506,272.99,
2020,Feb,20,51,242.62,MZ03,MZ03_Ocua,Cabo delgado,TDM,TDM,39.39,-11.55,60.00,0.67,0.44,0.14,0.30,2.46,960.07,2.60,0.001507,272.99,
2020,Feb,21,52,433.19,MZ03,MZ03_Ocua,Cabo delgado,TDM,TDM,39.39,-11.55,60.00,0.67,0.44,0.09,0.16,2.48,959.89,2.60,0.001507,272.99,
2020,Feb,22,53,379.24,MZ03,MZ03_Ocua,Cabo delgado,TDM,TDM,39.39,-11.55,60.00,0.67,0.44,0.15,0.30,1.95,959.85,2.60,0.001507,272.99,
2020,Feb,23,54,385.38,MZ03,MZ03_Ocua,Cabo delgado,TDM,TDM,39.39,-11.55,60.00,0.67,0.44,0.10,0.18,1.79,959.62,2.60,0.001507,272.99,
2020,Feb,24,55,163.15,MZ03,MZ03_Ocua,Cabo delgado,TDM,TDM,39.39,-11.55,60.00,0.67,0.44,0.17,0.35,2.18,959.35,2.60,0.001507,272.99,
2020,Feb,25,56,362.37,MZ03,MZ03_Ocua,Cabo delgado,TDM,TDM,39.39,-11.55,60.00,0.67,0.44,0.13,0.25,2.05,959.26,2.60,0.001508,272.99,
2020,Feb,26,57,464.03,MZ03,MZ03_Ocua,Cabo delgado,TDM,TDM,39.39,-11.55,60.00,0.67,0.44,0.15,0.31,2.07,959.32,2.60,0.001521,272.99,
2020,Feb,27,58,503.80,MZ03,MZ03_Ocua,Cabo delgado,TDM,TDM,39.39,-11.55,60.00,0.67,0.44,0.30,0.62,2.39,959.09,2.60,0.001521,272.99,
2020,Mar.,1,59,571.08,MZ03,MZ03_Ocua,Cabo delgado,TDM,TDM,39.39,-11.55,60.00,0.67,0.44,0.21,0.39,1.85,959.03,2.60,0.001521,272.99,
2020,Mar.,2,60,429.13,MZ03,MZ03_Ocua,Cabo delgado,TDM,TDM,39.39,-11.55,60.00,0.67,0.44,0.25,0.44,2.26,958.92,2.60,0.001521,272.99,
2020,Mar.,3,61,450.24,MZ03,MZ03_Ocua,Cabo delgado,TDM,TDM,39.39,-11.55,60.00,0.67,0.44,0.22,0.43,2.09,958.39,2.60,0.001522,272.99,
2020,Mar.,4,62,370.67,MZ03,MZ03_Ocua,Cabo delgado,TDM,TDM,39.39,-11.55,60.00,0.67,0.44,0.32,0.62,2.58,958.34,2.60,0.001522,272.99,
2020,Mar.,5,63,371.21,MZ03,MZ03_Ocua,Cabo delgado,TDM,TDM,39.39,-11.55,60.00,0.67,0.44,0.39,0.73,2.82,958.28,2.60,0.001522,272.99,
2020,Mar.,6,64,190.11,MZ03,MZ03_Ocua,Cabo delgado,TDM,TDM,39.39,-11.55,60.00,0.67,0.44,0.15,0.27,2.29,958.16,2.60,0.001522,272.99,
2020,Mar.,7,65,209.28,MZ03,MZ03_Ocua,Cabo delgado,TDM,TDM,39.39,-11.55,60.00,0.67,0.44,0.16,0.28,2.04,958.05,2.60,0.001522,272.99,
2020,Mar.,8,66,359.53,MZ03,MZ03_Ocua,Cabo delgado,TDM,TDM,39.39,-11.55,60.00,0.67,0.44,0.09,0.18,2.22,957.23,2.61,0.001550,272.99,
2020,Mar.,9,67,306.40,MZ03,MZ03_Ocua,Cabo delgado,TDM,TDM,39.39,-11.55,60.00,0.67,0.44,0.13,0.24,2.14,956.79,2.61,0.001551,272.99,
2020,Mar.,10,68,656.13,MZ03,MZ03_Ocua,Cabo delgado,TDM,TDM,39.39,-11.55,60.00,0.67,0.44,0.22,0.42,2.23,956.82,2.61,0.001551,272.99,
2020,Mar.,11,69,430.82,MZ03,MZ03_Ocua,Cabo delgado,TDM,TDM,39.39,-11.55,60.00,0.67,0.44,0.25,0.50,2.59,958.61,2.61,0.001592,272.99,
2020,Mar,12,70,427.96,MZ03,MZ03_Ocua,Cabo delgado,TDM,TDM,39.39,-11.55,60.00,0.67,0.44,0.26,0.51,2.47,958.51,2.61,0.001592,272.99,
2020,Mar,13,71,266.51,MZ03,MZ03_Ocua,Cabo delgado,TDM,TDM,39.39,-11.55,60.00,0.67,0.44,0.31,0.61,3.11,958.47,2.61,0.001592,272.99,
2020,Mar,14,72,276.33,MZ03,MZ03_Ocua,Cabo delgado,TDM,TDM,39.39,-11.55,60.00,0.67,0.44,0.41,0.79,3.44,958.19,2.61,0.001593,272.99,
2020,Mar,15,73,603.70,MZ03,MZ03_Ocua,Cabo delgado,TDM,TDM,39.39,-11.55,60.00,0.67,0.44,0.32,0.61,3.24,961.62,2.62,0.001604,272.99,
2020,Mar,16,74,205.16,MZ03,MZ03_Ocua,Cabo delgado,TDM,TDM,39.39,-11.55,60.00,0.67,0.44,0.29,0.55,2.98,961.44,2.62,0.001605,272.99,
2020,Mar,17,75,154.65,MZ03,MZ03_Ocua,Cabo delgado,TDM,TDM,39.39,-11.55,60.00,0.67,0.44,0.17,0.33,2.39,961.15,2.62,0.001606,272.99,
2020,Mar,18,76,204.29,MZ03,MZ03_Ocua,Cabo delgado,TDM,TDM,39.39,-11.55,60.00,0.67,0.44,0.05,0.08,3.40,961.10,2.62,0.001606,272.99,
2020,Mar,19,77,328.70,MZ03,MZ03_Ocua,Cabo delgado,TDM,TDM,39.39,-11.55,60.00,0.67,0.44,0.14,0.26,3.57,961.05,2.62,0.001606,272.99,
2020,Mar,20,78,569.40,MZ03,MZ03_Ocua,Cabo delgado,TDM,TDM,39.39,-11.55,60.00,0.67,0.44,0.13,0.24,2.43,960.93,2.62,0.001607,272.99,
2020,Mar,21,79,382.06,MZ03,MZ03_Ocua,Cabo delgado,TDM,TDM,39.39,-11.55,60.00,0.67,0.44,0.25,0.45,2.93,961.06,2.62,0.001619,272.99,
2020,Mar,22,80,295.93,MZ03,MZ03_Ocua,Cabo delgado,TDM,TDM,39.39,-11.55,60.00,0.67,0.44,0.22,0.39,2.96,958.31,2.62,0.001621,272.99,
2020,Mar,23,81,223.12,MZ03,MZ03_Ocua,Cabo delgado,TDM,TDM,39.39,-11.55,60.00,0.67,0.44,0.22,0.41,2.64,958.14,2.62,0.001621,272.99,
2020,Mar,24,82,174.30,MZ03,MZ03_Ocua,Cabo delgado,TDM,TDM,39.39,-11.55,60.00,0.67,0.44,0.16,0.28,2.44,957.91,2.62,0.001621,272.99,
2020,Mar,25,83,285.56,MZ03,MZ03_Ocua,Cabo delgado,TDM,TDM,39.39,-11.55,60.00,0.67,0.44,0.11,0.21,2.48,957.85,2.62,0.001621,272.99,
2020,Mar,26,84,362.63,MZ03,MZ03_Ocua,Cabo delgado,TDM,TDM,39.39,-11.55,60.00,0.67,0.44,0.08,0.15,2.39,957.74,2.62,0.001621,272.99,
2020,Mar,27,85,147.16,MZ03,MZ03_Ocua,Cabo delgado,TDM,TDM,39.39,-11.55,60.00,0.67,0.44,0.13,0.27,2.63,958.40,2.62,0.001623,272.99,
2020,Mar,28,86,88.22,MZ03,MZ03_Ocua,Cabo delgado,TDM,TDM,39.39,-11.55,60.00,0.67,0.44,0.17,0.33,2.16,959.34,2.62,0.001634,272.99,
2020,Mar,29,87,566.69,MZ03,MZ03_Ocua,Cabo delgado,TDM,TDM,39.39,-11.55,60.00,0.67,0.44,0.22,0.42,2.73,959.30,2.62,0.001634,272.99,
2020,Mar,30,88,685.48,MZ03,MZ03_Ocua,Cabo delgado,TDM,TDM,39.39,-11.55,60.00,0.67,0.44,0.28,0.53,3.03,959.26,2.62,0.001634,272.99,
2020,Mar,31,89,262.43,MZ03,MZ03_Ocua,Cabo delgado,TDM,TDM,39.39,-11.55,60.00,0.67,0.44,0.17,0.32,2.87,959.23,2.62,0.001634,272.99,
2020,Apr.,1,90,190.16,MZ03,MZ03_Ocua,Cabo delgado,TDM,TDM,39.39,-11.55,60.00,0.67,0.44,0.13,0.24,2.86,959.19,2.62,0.001634,272.99,
2020,Apr.,2,91,320.23,MZ03,MZ03_Ocua,Cabo delgado,TDM,TDM,39.39,-11.55,60.00,0.67,0.44,0.14,0.27,2.81,959.15,2.62,0.001634,272.99,
2020,Apr.,3,92,406.55,MZ03,MZ03_Ocua,Cabo delgado,TDM,TDM,39.39,-11.55,60.00,0.67,0.44,0.13,0.27,2.64,959.12,2.62,0.001634,272.99,
2020,Apr.,4,93,364.13,MZ03,MZ03_Ocua,Cabo delgado,TDM,TDM,39.39,-11.55,60.00,0.67,0.44,0.16,0.35,2.90,959.08,2.62,0.001634,272.99,
2020,Apr.,5,94,278.44,MZ03,MZ03_Ocua,Cabo delgado,TDM,TDM,39.39,-11.55,60.00,0.67,0.44,0.14,0.28,3.38,959.05,2.62,0.001634,272.99,
2020,Apr.,6,95,320.51,MZ03,MZ03_Ocua,Cabo delgado,TDM,TDM,39.39,-11.55,60.00,0.67,0.44,0.09,0.17,3.29,959.01,2.62,0.001634,272.99,
2020,Apr.,7,96,225.43,MZ03,MZ03_Ocua,Cabo delgado,TDM,TDM,39.39,-11.55,60.00,0.67,0.44,0.10,0.17,3.04,958.90,2.62,0.001635,272.99,
2020,Apr.,8,97,171.24,MZ03,MZ03_Ocua,Cabo delgado,TDM,TDM,39.39,-11.55,60.00,0.67,0.44,0.08,0.13,1.96,958.86,2.62,0.001635,272.99,
2020,Apr.,9,98,365.40,MZ03,MZ03_Ocua,Cabo delgado,TDM,TDM,39.39,-11.55,60.00,0.67,0.44,0.08,0.16,2.03,958.83,2.62,0.001635,272.99,
2020,Apr.,10,99,411.29,MZ03,MZ03_Ocua,Cabo delgado,TDM,TDM,39.39,-11.55,60.00,0.67,0.44,0.10,0.20,1.65,958.79,2.62,0.001635,272.99,
2020,Apr.,11,100,340.07,MZ03,MZ03_Ocua,Cabo delgado,TDM,TDM,39.39,-11.55,60.00,0.67,0.44,0.13,0.26,2.15,958.76,2.62,0.001635,272.99,
2020,Apr.,12,101,396.82,MZ03,MZ03_Ocua,Cabo delgado,TDM,TDM,39.39,-11.55,60.00,0.67,0.44,0.11,0.21,2.45,958.72,2.62,0.001635,272.99,
2020,Apr,13,102,272.38,MZ03,MZ03_Ocua,Cabo delgado,TDM,TDM,39.39,-11.55,60.00,0.67,0.44,0.07,0.13,2.50,958.68,2.62,0.001635,272.99,
2020,Apr,14,103,197.47,MZ03,MZ03_Ocua,Cabo delgado,TDM,TDM,39.39,-11.55,60.00,0.67,0.44,0.08,0.14,2.65,958.65,2.62,0.001635,272.99,
2020,Apr,15,104,102.56,MZ03,MZ03_Ocua,Cabo delgado,TDM,TDM,39.39,-11.55,60.00,0.67,0.44,0.10,0.17,2.96,958.61,2.62,0.001635,272.99,
2020,Apr,16,105,319.80,MZ03,MZ03_Ocua,Cabo delgado,TDM,TDM,39.39,-11.55,60.00,0.67,0.44,0.12,0.22,3.26,958.46,2.62,0.001635,272.99,
2020,Apr,17,106,364.14,MZ03,MZ03_Ocua,Cabo delgado,TDM,TDM,39.39,-11.55,60.00,0.67,0.44,0.12,0.21,4.01,958.43,2.62,0.001635,272.99,
2020,Apr,18,107,706.84,MZ03,MZ03_Ocua,Cabo delgado,TDM,TDM,39.39,-11.55,60.00,0.67,0.44,0.09,0.15,3.68,958.36,2.62,0.001635,272.99,
2020,Apr,19,108,303.50,MZ03,MZ03_Ocua,Cabo delgado,TDM,TDM,39.39,-11.55,60.00,0.67,0.44,0.09,0.14,2.42,958.32,2.62,0.001635,272.99,
2020,Apr,20,109,403.15,MZ03,MZ03_Ocua,Cabo delgado,TDM,TDM,39.39,-11.55,60.00,0.67,0.44,0.08,0.14,2.15,958.17,2.62,0.001636,272.99,
2020,Apr,21,110,257.60,MZ03,MZ03_Ocua,Cabo delgado,TDM,TDM,39.39,-11.55,60.00,0.67,0.44,0.10,0.18,2.48,962.01,2.62,0.001646,272.99,
2020,Apr,22,111,676.29,MZ03,MZ03_Ocua,Cabo delgado,TDM,TDM,39.39,-11.55,60.00,0.67,0.44,0.09,0.18,2.48,960.38,2.62,0.001648,272.99,
2020,Apr,23,112,46.36,MZ03,MZ03_Ocua,Cabo delgado,TDM,TDM,39.39,-11.55,60.00,0.67,0.44,0.12,0.24,3.14,960.34,2.62,0.001649,272.99,
2020,Apr,24,113,296.86,MZ03,MZ03_Ocua,Cabo delgado,TDM,TDM,39.39,-11.55,60.00,0.67,0.44,0.14,0.27,3.17,960.30,2.62,0.001649,272.99,
2020,Apr,25,114,186.99,MZ03,MZ03_Ocua,Cabo delgado,TDM,TDM,39.39,-11.55,60.00,0.67,0.44,0.14,0.24,3.08,960.17,2.62,0.001649,272.99,
2020,Apr,26,115,284.97,MZ03,MZ03_Ocua,Cabo delgado,TDM,TDM,39.39,-11.55,60.00,0.67,0.44,0.10,0.18,2.75,960.13,2.62,0.001649,272.99,
2020,Apr,27,116,434.80,MZ03,MZ03_Ocua,Cabo delgado,TDM,TDM,39.39,-11.55,60.00,0.67,0.44,0.09,0.16,2.47,960.09,2.62,0.001649,272.99,
2020,Apr,28,117,186.82,MZ03,MZ03_Ocua,Cabo delgado,TDM,TDM,39.39,-11.55,60.00,0.67,0.44,0.08,0.16,2.86,960.05,2.62,0.001649,272.99,
2020,Apr,29,118,357.12,MZ03,MZ03_Ocua,Cabo delgado,TDM,TDM,39.39,-11.55,60.00,0.67,0.44,0.08,0.15,2.90,960.01,2.62,0.001649,272.99,
2020,Apr,30,119,201.22,MZ03,MZ03_Ocua,Cabo delgado,TDM,TDM,39.39,-11.55,60.00,0.67,0.44,0.18,0.31,3.64,959.96,2.62,0.001649,272.99,
2020,May.,1,120,477.76,MZ03,MZ03_Ocua,Cabo delgado,TDM,TDM,39.39,-11.55,60.00,0.67,0.44,0.08,0.15,2.89,959.92,2.62,0.001649,272.99,
2020,May.,2,121,679.03,MZ03,MZ03_Ocua,Cabo delgado,TDM,TDM,39.39,-11.55,60.00,0.67,0.44,0.05,0.08,3.34,959.88,2.62,0.001649,272.99,
2020,May.,3,122,437.26,MZ03,MZ03_Ocua,Cabo delgado,TDM,TDM,39.39,-11.55,60.00,0.67,0.44,0.08,0.15,3.36,959.84,2.62,0.001649,272.99,
2020,May.,4,123,490.02,MZ03,MZ03_Ocua,Cabo delgado,TDM,TDM,39.39,-11.55,60.00,0.67,0.44,0.10,0.18,3.22,959.80,2.62,0.001649,272.99,
2020,May.,5,124,488.64,MZ03,MZ03_Ocua,Cabo delgado,TDM,TDM,39.39,-11.55,60.00,0.67,0.44,0.15,0.27,3.94,959.67,2.62,0.001649,272.99,
2020,May.,6,125,516.54,MZ03,MZ03_Ocua,Cabo delgado,TDM,TDM,39.39,-11.55,60.00,0.67,0.44,0.11,0.18,3.59,959.63,2.62,0.001649,272.99,
2020,May.,7,126,677.34,MZ03,MZ03_Ocua,Cabo delgado,TDM,TDM,39.39,-11.55,60.00,0.67,0.44,0.09,0.15,3.44,959.59,2.62,0.001649,272.99,
2020,May.,8,127,299.90,MZ03,MZ03_Ocua,Cabo delgado,TDM,TDM,39.39,-11.55,60.00,0.67,0.44,0.14,0.23,3.11,959.55,2.62,0.001649,272.99,
2020,May.,9,128,688.94,MZ03,MZ03_Ocua,Cabo delgado,TDM,TDM,39.39,-11.55,60.00,0.67,0.44,0.12,0.22,2.88,961.62,2.63,0.001663,272.99,
2020,May.,10,129,326.48,MZ03,MZ03_Ocua,Cabo delgado,TDM,TDM,39.39,-11.55,60.00,0.67,0.44,0.08,0.15,2.83,961.57,2.63,0.001663,272.99,
2020,May.,11,130,242.15,MZ03,MZ03_Ocua,Cabo delgado,TDM,TDM,39.39,-11.55,60.00,0.67,0.44,0.13,0.21,3.36,961.52,2.63,0.001663,272.99,
2020,May.,12,131,264.95,MZ03,MZ03_Ocua,Cabo delgado,TDM,TDM,39.39,-11.55,60.00,0.67,0.44,0.08,0.14,2.93,961.47,2.63,0.001663,272.99,
2020,May.,13,132,250.11,MZ03,MZ03_Ocua,Cabo delgado,TDM,TDM,39.39,-11.55,60.00,0.67,0.44,0.12,0.22,3.28,961.42,2.63,0.001663,272.99,
2020,May.,14,133,218.04,MZ03,MZ03_Ocua,Cabo delgado,TDM,TDM,39.39,-11.55,60.00,0.67,0.44,0.14,0.24,3.38,961.27,2.63,0.001663,272.99,
2020,May.,15,134,453.72,MZ03,MZ03_Ocua,Cabo delgado,TDM,TDM,39.39,-11.55,60.00,0.67,0.44,0.20,0.28,3.66,961.22,2.63,0.001663,272.99,
2020,May,16,135,553.00,MZ03,MZ03_Ocua,Cabo delgado,TDM,TDM,39.39,-11.55,60.00,0.67,0.44,0.15,0.23,3.77,961.17,2.63,0.001663,272.99,
2020,May,17,136,378.52,MZ03,MZ03_Ocua,Cabo delgado,TDM,TDM,39.39,-11.55,60.00,0.67,0.44,0.19,0.26,3.81,961.13,2.63,0.001663,272.99,
2020,May,18,137,546.01,MZ03,MZ03_Ocua,Cabo delgado,TDM,TDM,39.39,-11.55,60.00,0.67,0.44,0.14,0.18,3.48,961.08,2.63,0.001663,272.99,
2020,May,19,138,679.03,MZ03,MZ03_Ocua,Cabo delgado,TDM,TDM,39.39,-11.55,60.00,0.67,0.44,0.10,0.15,3.48,961.03,2.63,0.001663,272.99,
2020,May,20,139,508.98,MZ03,MZ03_Ocua,Cabo delgado,TDM,TDM,39.39,-11.55,60.00,0.67,0.44,0.08,0.11,3.26,960.98,2.63,0.001663,272.99,
2020,May,21,140,370.32,MZ03,MZ03_Ocua,Cabo delgado,TDM,TDM,39.39,-11.55,60.00,0.67,0.44,0.05,0.09,3.41,960.93,2.63,0.001663,272.99,
2020,May,22,141,273.22,MZ03,MZ03_Ocua,Cabo delgado,TDM,TDM,39.39,-11.55,60.00,0.67,0.44,0.06,0.12,3.98,960.88,2.63,0.001663,272.99,
2020,May,23,142,430.52,MZ03,MZ03_Ocua,Cabo delgado,TDM,TDM,39.39,-11.55,60.00,0.67,0.44,0.05,0.08,3.74,960.83,2.63,0.001663,272.99,
2020,May,24,143,215.65,MZ03,MZ03_Ocua,Cabo delgado,TDM,TDM,39.39,-11.55,60.00,0.67,0.44,0.13,0.22,4.33,960.68,2.63,0.001664,272.99,
2020,May,25,144,227.64,MZ03,MZ03_Ocua,Cabo delgado,TDM,TDM,39.39,-11.55,60.00,0.67,0.44,0.17,0.29,4.47,960.63,2.63,0.001664,272.99,
2020,May,26,145,460.04,MZ03,MZ03_Ocua,Cabo delgado,TDM,TDM,39.39,-11.55,60.00,0.67,0.44,0.10,0.14,4.18,960.58,2.63,0.001664,272.99,
2020,May,27,146,444.01,MZ03,MZ03_Ocua,Cabo delgado,TDM,TDM,39.39,-11.55,60.00,0.67,0.44,0.04,0.06,4.52,956.98,2.61,0.000945,272.99,
2020,May,28,147,453.60,MZ03,MZ03_Ocua,Cabo delgado,TDM,TDM,39.39,-11.55,60.00,0.67,0.44,0.05,0.07,3.86,956.94,2.61,0.000945,272.99,
2020,May,29,148,330.89,MZ03,MZ03_Ocua,Cabo delgado,TDM,TDM,39.39,-11.55,60.00,0.67,0.44,0.06,0.08,3.92,956.72,2.61,0.000945,272.99,
2020,May,30,149,382.69,MZ03,MZ03_Ocua,Cabo delgado,TDM,TDM,39.39,-11.55,60.00,0.67,0.44,0.11,0.20,1.88,956.42,2.61,0.000945,272.99,
2020,May,31,150,205.78,MZ03,MZ03_Ocua,Cabo delgado,TDM,TDM,39.39,-11.55,60.00,0.67,0.44,0.12,0.24,1.70,955.58,2.61,0.000945,272.99,
2020,June.,1,151,303.94,MZ03,MZ03_Ocua,Cabo delgado,TDM,TDM,39.39,-11.55,60.00,0.67,0.44,0.11,0.22,1.85,955.66,2.61,0.000945,272.99,
2020,June.,2,152,208.09,MZ03,MZ03_Ocua,Cabo delgado,TDM,TDM,39.39,-11.55,60.00,0.67,0.44,0.12,0.24,1.39,955.68,2.61,0.000945,272.99,
2020,June.,3,153,148.99,MZ03,MZ03_Ocua,Cabo delgado,TDM,TDM,39.39,-11.55,60.00,0.67,0.44,0.10,0.19,2.26,955.72,2.61,0.000945,272.99,
2020,June.,4,154,253.95,MZ03,MZ03_Ocua,Cabo delgado,TDM,TDM,39.39,-11.55,60.00,0.67,0.44,0.12,0.24,2.50,955.74,2.61,0.000945,272.99,
2020,June.,5,155,482.03,MZ03,MZ03_Ocua,Cabo delgado,TDM,TDM,39.39,-11.55,60.00,0.67,0.44,0.10,0.20,2.37,955.78,2.61,0.000945,272.99,
2020,June.,6,156,128.41,MZ03,MZ03_Ocua,Cabo delgado,TDM,TDM,39.39,-11.55,60.00,0.67,0.44,0.14,0.28,2.25,955.79,2.61,0.000945,272.99,
2020,June.,7,157,357.63,MZ03,MZ03_Ocua,Cabo delgado,TDM,TDM,39.39,-11.55,60.00,0.67,0.44,0.19,0.39,2.44,955.84,2.61,0.000945,272.99,
2020,June.,8,158,292.36,MZ03,MZ03_Ocua,Cabo delgado,TDM,TDM,39.39,-11.55,60.00,0.67,0.44,0.17,0.36,1.99,955.85,2.61,0.000945,272.99,
2020,June.,9,159,359.71,MZ03,MZ03_Ocua,Cabo delgado,TDM,TDM,39.39,-11.55,60.00,0.67,0.44,0.13,0.27,1.79,955.99,2.61,0.000946,272.99,
2020,June.,10,160,372.12,MZ03,MZ03_Ocua,Cabo delgado,TDM,TDM,39.39,-11.55,60.00,0.67,0.44,0.08,0.13,2.25,956.02,2.61,0.000946,272.99,
2020,June.,11,161,239.02,MZ03,MZ03_Ocua,Cabo delgado,TDM,TDM,39.39,-11.55,60.00,0.67,0.44,0.08,0.14,2.35,956.02,2.61,0.000946,272.99,
2020,June.,12,162,189.20,MZ03,MZ03_Ocua,Cabo delgado,TDM,TDM,39.39,-11.55,60.00,0.67,0.44,0.09,0.17,2.27,956.03,2.61,0.000946,272.99,
2020,June,13,163,195.54,MZ03,MZ03_Ocua,Cabo delgado,TDM,TDM,39.39,-11.55,60.00,0.67,0.44,0.11,0.23,2.11,956.03,2.61,0.000946,272.99,
2020,June,14,164,199.25,MZ03,MZ03_Ocua,Cabo delgado,TDM,TDM,39.39,-11.55,60.00,0.67,0.44,0.27,0.62,2.43,956.04,2.61,0.000946,272.99,
2020,June,15,165,289.40,MZ03,MZ03_Ocua,Cabo delgado,TDM,TDM,39.39,-11.55,60.00,0.67,0.44,0.24,0.52,2.16,957.40,2.61,0.000946,272.99,
2020,June,16,166,401.55,MZ03,MZ03_Ocua,Cabo delgado,TDM,TDM,39.39,-11.55,60.00,0.67,0.44,0.23,0.51,1.64,957.36,2.61,0.000946,272.99,
2020,June,17,167,526.28,MZ03,MZ03_Ocua,Cabo delgado,TDM,TDM,39.39,-11.55,60.00,0.67,0.44,0.21,0.35,1.75,957.32,2.61,0.000946,272.99,
2020,June,18,168,574.58,MZ03,MZ03_Ocua,Cabo delgado,TDM,TDM,39.39,-11.55,60.00,0.67,0.44,0.25,0.52,1.97,957.18,2.61,0.000946,272.99,
2020,June,19,169,600.23,MZ03,MZ03_Ocua,Cabo delgado,TDM,TDM,39.39,-11.55,60.00,0.67,0.44,0.21,0.43,1.98,956.50,2.61,0.000946,272.99,
2020,June,20,170,303.37,MZ03,MZ03_Ocua,Cabo delgado,TDM,TDM,39.39,-11.55,60.00,0.67,0.44,0.20,0.42,1.79,956.19,2.61,0.000946,272.99,
2020,June,21,171,476.32,MZ03,MZ03_Ocua,Cabo delgado,TDM,TDM,39.39,-11.55,60.00,0.67,0.44,0.56,1.29,1.50,957.62,2.61,0.000946,272.99,
2020,June,22,172,325.19,MZ03,MZ03_Ocua,Cabo delgado,TDM,TDM,39.39,-11.55,60.00,0.67,0.44,0.11,0.22,1.83,957.45,2.61,0.000946,272.99,
2020,June,23,173,267.15,MZ03,MZ03_Ocua,Cabo delgado,TDM,TDM,39.39,-11.55,60.00,0.67,0.44,0.24,0.49,2.48,957.01,2.61,0.000946,272.99,
2020,June,24,174,403.17,MZ03,MZ03_Ocua,Cabo delgado,TDM,TDM,39.39,-11.55,60.00,0.67,0.44,0.26,0.49,1.98,956.07,2.61,0.000946,272.99,
2020,June,25,175,216.27,MZ03,MZ03_Ocua,Cabo delgado,TDM,TDM,39.39,-11.55,60.00,0.67,0.44,0.30,0.68,2.30,956.07,2.61,0.000946,272.99,
2020,June,26,176,735.98,MZ03,MZ03_Ocua,Cabo delgado,TDM,TDM,39.39,-11.55,60.00,0.67,0.44,0.18,0.29,2.54,956.08,2.61,0.000946,272.99,
2020,June,27,177,629.64,MZ03,MZ03_Ocua,Cabo delgado,TDM,TDM,39.39,-11.55,60.00,0.67,0.44,0.20,0.35,2.74,956.08,2.61,0.000946,272.99,
2020,June,28,178,252.68,MZ03,MZ03_Ocua,Cabo delgado,TDM,TDM,39.39,-11.55,60.00,0.67,0.44,0.14,0.27,2.40,956.10,2.61,0.000946,272.99,
2020,June,29,179,397.34,MZ03,MZ03_Ocua,Cabo delgado,TDM,TDM,39.39,-11.55,60.00,0.67,0.44,0.17,0.36,2.57,956.20,2.61,0.000946,272.99,
2020,June,30,180,257.29,MZ03,MZ03_Ocua,Cabo delgado,TDM,TDM,39.39,-11.55,60.00,0.67,0.44,0.17,0.34,2.47,956.20,2.61,0.000946,272.99,
2020,July.,1,181,328.76,MZ03,MZ03_Ocua,Cabo delgado,TDM,TDM,39.39,-11.55,60.00,0.67,0.44,0.07,0.13,2.21,956.21,2.61,0.000946,272.99,
2020,July.,2,182,449.91,MZ03,MZ03_Ocua,Cabo delgado,TDM,TDM,39.39,-11.55,60.00,0.67,0.44,0.17,0.37,1.91,957.48,2.61,0.000946,272.99,
2020,July.,3,183,202.67,MZ03,MZ03_Ocua,Cabo delgado,TDM,TDM,39.39,-11.55,60.00,0.67,0.44,0.16,0.30,2.01,957.45,2.61,0.000946,272.99,
2020,July.,4,184,105.37,MZ03,MZ03_Ocua,Cabo delgado,TDM,TDM,39.39,-11.55,60.00,0.67,0.44,0.14,0.28,1.76,956.46,2.61,0.000946,272.99,
2020,July.,5,185,308.09,MZ03,MZ03_Ocua,Cabo delgado,TDM,TDM,39.39,-11.55,60.00,0.67,0.44,0.16,0.33,1.69,956.41,2.61,0.000946,272.99,
2020,July.,6,186,412.79,MZ03,MZ03_Ocua,Cabo delgado,TDM,TDM,39.39,-11.55,60.00,0.67,0.44,0.28,0.54,1.96,956.36,2.61,0.000946,272.99,
2020,July.,7,187,325.81,MZ03,MZ03_Ocua,Cabo delgado,TDM,TDM,39.39,-11.55,60.00,0.67,0.44,0.26,0.56,1.81,956.31,2.61,0.000946,272.99,
2020,July.,8,188,306.18,MZ03,MZ03_Ocua,Cabo delgado,TDM,TDM,39.39,-11.55,60.00,0.67,0.44,0.22,0.46,1.90,956.11,2.61,0.000946,272.99,
2020,July.,9,189,393.16,MZ03,MZ03_Ocua,Cabo delgado,TDM,TDM,39.39,-11.55,60.00,0.67,0.44,0.16,0.35,1.51,960.61,2.59,0.001435,272.99,
2020,July.,10,190,308.25,MZ03,MZ03_Ocua,Cabo delgado,TDM,TDM,39.39,-11.55,60.00,0.67,0.44,0.09,0.20,2.06,960.57,2.59,0.001435,272.99,
2020,July.,11,191,368.40,MZ03,MZ03_Ocua,Cabo delgado,TDM,TDM,39.39,-11.55,60.00,0.67,0.44,0.14,0.30,2.15,960.54,2.59,0.001435,272.99,
2020,July.,12,192,462.57,MZ03,MZ03_Ocua,Cabo delgado,TDM,TDM,39.39,-11.55,60.00,0.67,0.44,0.13,0.28,2.36,960.30,2.60,0.001506,272.99,
2020,July.,13,193,98.71,MZ03,MZ03_Ocua,Cabo delgado,TDM,TDM,39.39,-11.55,60.00,0.67,0.44,0.14,0.30,2.46,960.07,2.60,0.001507,272.99,
2020,July.,14,194,398.91,MZ03,MZ03_Ocua,Cabo delgado,TDM,TDM,39.39,-11.55,60.00,0.67,0.44,0.09,0.16,2.48,959.89,2.60,0.001507,272.99,
2020,July.,15,195,281.08,MZ03,MZ03_Ocua,Cabo delgado,TDM,TDM,39.39,-11.55,60.00,0.67,0.44,0.15,0.30,1.95,959.85,2.60,0.001507,272.99,
2020,July.,16,196,357.20,MZ03,MZ03_Ocua,Cabo delgado,TDM,TDM,39.39,-11.55,60.00,0.67,0.44,0.10,0.18,1.79,959.62,2.60,0.001507,272.99,
2020,July.,17,197,240.75,MZ03,MZ03_Ocua,Cabo delgado,TDM,TDM,39.39,-11.55,60.00,0.67,0.44,0.17,0.35,2.18,959.35,2.60,0.001507,272.99,
2020,July.,18,198,321.46,MZ03,MZ03_Ocua,Cabo delgado,TDM,TDM,39.39,-11.55,60.00,0.67,0.44,0.13,0.25,2.05,959.26,2.60,0.001508,272.99,
2020,July.,19,199,431.57,MZ03,MZ03_Ocua,Cabo delgado,TDM,TDM,39.39,-11.55,60.00,0.67,0.44,0.15,0.31,2.07,959.32,2.60,0.001521,272.99,
2020,July.,20,200,363.72,MZ03,MZ03_Ocua,Cabo delgado,TDM,TDM,39.39,-11.55,60.00,0.67,0.44,0.30,0.62,2.39,959.09,2.60,0.001521,272.99,
2020,July,21,201,378.51,MZ03,MZ03_Ocua,Cabo delgado,TDM,TDM,39.39,-11.55,60.00,0.67,0.44,0.21,0.39,1.85,959.03,2.60,0.001521,272.99,
2020,July,22,202,227.47,MZ03,MZ03_Ocua,Cabo delgado,TDM,TDM,39.39,-11.55,60.00,0.67,0.44,0.25,0.44,2.26,958.92,2.60,0.001521,272.99,
2020,July,23,203,196.55,MZ03,MZ03_Ocua,Cabo delgado,TDM,TDM,39.39,-11.55,60.00,0.67,0.44,0.22,0.43,2.09,958.39,2.60,0.001522,272.99,
2020,July,24,204,414.26,MZ03,MZ03_Ocua,Cabo delgado,TDM,TDM,39.39,-11.55,60.00,0.67,0.44,0.32,0.62,2.58,958.34,2.60,0.001522,272.99,
2020,July,25,205,367.26,MZ03,MZ03_Ocua,Cabo delgado,TDM,TDM,39.39,-11.55,60.00,0.67,0.44,0.39,0.73,2.82,958.28,2.60,0.001522,272.99,
2020,July,26,206,535.41,MZ03,MZ03_Ocua,Cabo delgado,TDM,TDM,39.39,-11.55,60.00,0.67,0.44,0.15,0.27,2.29,958.16,2.60,0.001522,272.99,
2020,July,27,207,224.53,MZ03,MZ03_Ocua,Cabo delgado,TDM,TDM,39.39,-11.55,60.00,0.67,0.44,0.16,0.28,2.04,958.05,2.60,0.001522,272.99,
2020,July,28,208,308.75,MZ03,MZ03_Ocua,Cabo delgado,TDM,TDM,39.39,-11.55,60.00,0.67,0.44,0.09,0.18,2.22,957.23,2.61,0.001550,272.99,
2020,July,29,209,291.04,MZ03,MZ03_Ocua,Cabo delgado,TDM,TDM,39.39,-11.55,60.00,0.67,0.44,0.13,0.24,2.14,956.79,2.61,0.001551,272.99,
2020,July,30,210,290.97,MZ03,MZ03_Ocua,Cabo delgado,TDM,TDM,39.39,-11.55,60.00,0.67,0.44,0.22,0.42,2.23,956.82,2.61,0.001551,272.99,
2020,July,31,211,230.78,MZ03,MZ03_Ocua,Cabo delgado,TDM,TDM,39.39,-11.55,60.00,0.67,0.44,0.25,0.50,2.59,958.61,2.61,0.001592,272.99,
2020,Aug.,1,212,241.46,MZ03,MZ03_Ocua,Cabo delgado,TDM,TDM,39.39,-11.55,60.00,0.67,0.44,0.26,0.51,2.47,958.51,2.61,0.001592,272.99,
2020,Aug.,2,213,469.45,MZ03,MZ03_Ocua,Cabo delgado,TDM,TDM,39.39,-11.55,60.00,0.67,0.44,0.31,0.61,3.11,958.47,2.61,0.001592,272.99,
2020,Aug.,3,214,268.10,MZ03,MZ03_Ocua,Cabo delgado,TDM,TDM,39.39,-11.55,60.00,0.67,0.44,0.41,0.79,3.44,958.19,2.61,0.001593,272.99,
2020,Aug.,4,215,490.93,MZ03,MZ03_Ocua,Cabo delgado,TDM,TDM,39.39,-11.55,60.00,0.67,0.44,0.32,0.61,3.24,961.62,2.62,0.001604,272.99,
2020,Aug.,5,216,659.40,MZ03,MZ03_Ocua,Cabo delgado,TDM,TDM,39.39,-11.55,60.00,0.67,0.44,0.29,0.55,2.98,961.44,2.62,0.001605,272.99,
2020,Aug.,6,217,404.96,MZ03,MZ03_Ocua,Cabo delgado,TDM,TDM,39.39,-11.55,60.00,0.67,0.44,0.17,0.33,2.39,961.15,2.62,0.001606,272.99,
2020,Aug.,7,218,384.63,MZ03,MZ03_Ocua,Cabo delgado,TDM,TDM,39.39,-11.55,60.00,0.67,0.44,0.05,0.08,3.40,961.10,2.62,0.001606,272.99,
2020,Aug.,8,219,333.33,MZ03,MZ03_Ocua,Cabo delgado,TDM,TDM,39.39,-11.55,60.00,0.67,0.44,0.14,0.26,3.57,961.05,2.62,0.001606,272.99,
2020,Aug.,9,220,571.55,MZ03,MZ03_Ocua,Cabo delgado,TDM,TDM,39.39,-11.55,60.00,0.67,0.44,0.13,0.24,2.43,960.93,2.62,0.001607,272.99,
2020,Aug.,10,221,527.26,MZ03,MZ03_Ocua,Cabo delgado,TDM,TDM,39.39,-11.55,60.00,0.67,0.44,0.25,0.45,2.93,961.06,2.62,0.001619,272.99,
2020,Aug.,11,222,372.42,MZ03,MZ03_Ocua,Cabo delgado,TDM,TDM,39.39,-11.55,60.00,0.67,0.44,0.22,0.39,2.96,958.31,2.62,0.001621,272.99,
2020,Aug,12,223,154.73,MZ03,MZ03_Ocua,Cabo delgado,TDM,TDM,39.39,-11.55,60.00,0.67,0.44,0.22,0.41,2.64,958.14,2.62,0.001621,272.99,
2020,Aug,13,224,270.72,MZ03,MZ03_Ocua,Cabo delgado,TDM,TDM,39.39,-11.55,60.00,0.67,0.44,0.16,0.28,2.44,957.91,2.62,0.001621,272.99,
2020,Aug,14,225,274.08,MZ03,MZ03_Ocua,Cabo delgado,TDM,TDM,39.39,-11.55,60.00,0.67,0.44,0.11,0.21,2.48,957.85,2.62,0.001621,272.99,
2020,Aug,15,226,239.16,MZ03,MZ03_Ocua,Cabo delgado,TDM,TDM,39.39,-11.55,60.00,0.67,0.44,0.08,0.15,2.39,957.74,2.62,0.001621,272.99,
2020,Aug,16,227,97.97,MZ03,MZ03_Ocua,Cabo delgado,TDM,TDM,39.39,-11.55,60.00,0.67,0.44,0.13,0.27,2.63,958.40,2.62,0.001623,272.99,
2020,Aug,17,228,267.49,MZ03,MZ03_Ocua,Cabo delgado,TDM,TDM,39.39,-11.55,60.00,0.67,0.44,0.17,0.33,2.16,959.34,2.62,0.001634,272.99,
2020,Aug,18,229,321.44,MZ03,MZ03_Ocua,Cabo delgado,TDM,TDM,39.39,-11.55,60.00,0.67,0.44,0.22,0.42,2.73,959.30,2.62,0.001634,272.99,
2020,Aug,19,230,419.30,MZ03,MZ03_Ocua,Cabo delgado,TDM,TDM,39.39,-11.55,60.00,0.67,0.44,0.28,0.53,3.03,959.26,2.62,0.001634,272.99,
2020,Aug,20,231,433.21,MZ03,MZ03_Ocua,Cabo delgado,TDM,TDM,39.39,-11.55,60.00,0.67,0.44,0.17,0.32,2.87,959.23,2.62,0.001634,272.99,
2020,Aug,21,232,586.44,MZ03,MZ03_Ocua,Cabo delgado,TDM,TDM,39.39,-11.55,60.00,0.67,0.44,0.13,0.24,2.86,959.19,2.62,0.001634,272.99,
2020,Aug,22,233,447.21,MZ03,MZ03_Ocua,Cabo delgado,TDM,TDM,39.39,-11.55,60.00,0.67,0.44,0.14,0.27,2.81,959.15,2.62,0.001634,272.99,
2020,Aug,23,234,441.69,MZ03,MZ03_Ocua,Cabo delgado,TDM,TDM,39.39,-11.55,60.00,0.67,0.44,0.13,0.27,2.64,959.12,2.62,0.001634,272.99,
2020,Aug,24,235,441.69,MZ03,MZ03_Ocua,Cabo delgado,TDM,TDM,39.39,-11.55,60.00,0.67,0.44,0.16,0.35,2.90,959.08,2.62,0.001634,272.99,
2020,Aug,25,236,478.86,MZ03,MZ03_Ocua,Cabo delgado,TDM,TDM,39.39,-11.55,60.00,0.67,0.44,0.14,0.28,3.38,959.05,2.62,0.001634,272.99,
2020,Aug,26,237,427.51,MZ03,MZ03_Ocua,Cabo delgado,TDM,TDM,39.39,-11.55,60.00,0.67,0.44,0.09,0.17,3.29,959.01,2.62,0.001634,272.99,
2020,Aug,27,238,304.52,MZ03,MZ03_Ocua,Cabo delgado,TDM,TDM,39.39,-11.55,60.00,0.67,0.44,0.10,0.17,3.04,958.90,2.62,0.001635,272.99,
2020,Aug,28,239,498.65,MZ03,MZ03_Ocua,Cabo delgado,TDM,TDM,39.39,-11.55,60.00,0.67,0.44,0.08,0.13,1.96,958.86,2.62,0.001635,272.99,
2020,Aug,29,240,188.03,MZ03,MZ03_Ocua,Cabo delgado,TDM,TDM,39.39,-11.55,60.00,0.67,0.44,0.08,0.16,2.03,958.83,2.62,0.001635,272.99,
2020,Aug,30,241,196.63,MZ03,MZ03_Ocua,Cabo delgado,TDM,TDM,39.39,-11.55,60.00,0.67,0.44,0.10,0.20,1.65,958.79,2.62,0.001635,272.99,
2020,Aug,31,242,50.76,MZ03,MZ03_Ocua,Cabo delgado,TDM,TDM,39.39,-11.55,60.00,0.67,0.44,0.13,0.26,2.15,958.76,2.62,0.001635,272.99,
2020,Sep.,1,243,217.38,MZ03,MZ03_Ocua,Cabo delgado,TDM,TDM,39.39,-11.55,60.00,0.67,0.44,0.11,0.21,2.45,958.72,2.62,0.001635,272.99,
2020,Sep.,2,244,273.78,MZ03,MZ03_Ocua,Cabo delgado,TDM,TDM,39.39,-11.55,60.00,0.67,0.44,0.07,0.13,2.50,958.68,2.62,0.001635,272.99,
2020,Sep.,3,245,258.33,MZ03,MZ03_Ocua,Cabo delgado,TDM,TDM,39.39,-11.55,60.00,0.67,0.44,0.08,0.14,2.65,958.65,2.62,0.001635,272.99,
2020,Sep.,4,246,422.49,MZ03,MZ03_Ocua,Cabo delgado,TDM,TDM,39.39,-11.55,60.00,0.67,0.44,0.10,0.17,2.96,958.61,2.62,0.001635,272.99,
2020,Sep.,5,247,266.35,MZ03,MZ03_Ocua,Cabo delgado,TDM,TDM,39.39,-11.55,60.00,0.67,0.44,0.12,0.22,3.26,958.46,2.62,0.001635,272.99,
2020,Sep.,6,248,265.19,MZ03,MZ03_Ocua,Cabo delgado,TDM,TDM,39.39,-11.55,60.00,0.67,0.44,0.12,0.21,4.01,958.43,2.62,0.001635,272.99,
2020,Sep.,7,249,574.34,MZ03,MZ03_Ocua,Cabo delgado,TDM,TDM,39.39,-11.55,60.00,0.67,0.44,0.09,0.15,3.68,958.36,2.62,0.001635,272.99,
2020,Sep.,8,250,326.17,MZ03,MZ03_Ocua,Cabo delgado,TDM,TDM,39.39,-11.55,60.00,0.67,0.44,0.09,0.14,2.42,958.32,2.62,0.001635,272.99,
2020,Sep.,9,251,252.73,MZ03,MZ03_Ocua,Cabo delgado,TDM,TDM,39.39,-11.55,60.00,0.67,0.44,0.08,0.14,2.15,958.17,2.62,0.001636,272.99,
2020,Sep.,10,252,196.64,MZ03,MZ03_Ocua,Cabo delgado,TDM,TDM,39.39,-11.55,60.00,0.67,0.44,0.10,0.18,2.48,962.01,2.62,0.001646,272.99,
2020,Sep.,11,253,243.83,MZ03,MZ03_Ocua,Cabo delgado,TDM,TDM,39.39,-11.55,60.00,0.67,0.44,0.09,0.18,2.48,960.38,2.62,0.001648,272.99,
2020,Sep,12,254,369.71,MZ03,MZ03_Ocua,Cabo delgado,TDM,TDM,39.39,-11.55,60.00,0.67,0.44,0.12,0.24,3.14,960.34,2.62,0.001649,272.99,
2020,Sep,13,255,197.43,MZ03,MZ03_Ocua,Cabo delgado,TDM,TDM,39.39,-11.55,60.00,0.67,0.44,0.14,0.27,3.17,960.30,2.62,0.001649,272.99,
2020,Sep,14,256,313.27,MZ03,MZ03_Ocua,Cabo delgado,TDM,TDM,39.39,-11.55,60.00,0.67,0.44,0.14,0.24,3.08,960.17,2.62,0.001649,272.99,
2020,Sep,15,257,323.54,MZ03,MZ03_Ocua,Cabo delgado,TDM,TDM,39.39,-11.55,60.00,0.67,0.44,0.10,0.18,2.75,960.13,2.62,0.001649,272.99,
2020,Sep,16,258,495.51,MZ03,MZ03_Ocua,Cabo delgado,TDM,TDM,39.39,-11.55,60.00,0.67,0.44,0.09,0.16,2.47,960.09,2.62,0.001649,272.99,
2020,Sep,17,259,613.29,MZ03,MZ03_Ocua,Cabo delgado,TDM,TDM,39.39,-11.55,60.00,0.67,0.44,0.08,0.16,2.86,960.05,2.62,0.001649,272.99,
2020,Sep,18,260,357.69,MZ03,MZ03_Ocua,Cabo delgado,TDM,TDM,39.39,-11.55,60.00,0.67,0.44,0.08,0.15,2.90,960.01,2.62,0.001649,272.99,
2020,Sep,19,261,384.64,MZ03,MZ03_Ocua,Cabo delgado,TDM,TDM,39.39,-11.55,60.00,0.67,0.44,0.18,0.31,3.64,959.96,2.62,0.001649,272.99,
2020,Sep,20,262,429.62,MZ03,MZ03_Ocua,Cabo delgado,TDM,TDM,39.39,-11.55,60.00,0.67,0.44,0.08,0.15,2.89,959.92,2.62,0.001649,272.99,
2020,Sep,21,263,430.73,MZ03,MZ03_Ocua,Cabo delgado,TDM,TDM,39.39,-11.55,60.00,0.67,0.44,0.05,0.08,3.34,959.88,2.62,0.001649,272.99,
2020,Sep,22,264,346.23,MZ03,MZ03_Ocua,Cabo delgado,TDM,TDM,39.39,-11.55,60.00,0.67,0.44,0.08,0.15,3.36,959.84,2.62,0.001649,272.99,
2020,Sep,23,265,531.31,MZ03,MZ03_Ocua,Cabo delgado,TDM,TDM,39.39,-11.55,60.00,0.67,0.44,0.10,0.18,3.22,959.80,2.62,0.001649,272.99,
2020,Sep,24,266,428.25,MZ03,MZ03_Ocua,Cabo delgado,TDM,TDM,39.39,-11.55,60.00,0.67,0.44,0.15,0.27,3.94,959.67,2.62,0.001649,272.99,
2020,Sep,25,267,429.99,MZ03,MZ03_Ocua,Cabo delgado,TDM,TDM,39.39,-11.55,60.00,0.67,0.44,0.11,0.18,3.59,959.63,2.62,0.001649,272.99,
2020,Sep,26,268,242.11,MZ03,MZ03_Ocua,Cabo delgado,TDM,TDM,39.39,-11.55,60.00,0.67,0.44,0.09,0.15,3.44,959.59,2.62,0.001649,272.99,
2020,Sep,27,269,495.51,MZ03,MZ03_Ocua,Cabo delgado,TDM,TDM,39.39,-11.55,60.00,0.67,0.44,0.14,0.23,3.11,959.55,2.62,0.001649,272.99,
2020,Sep,28,270,407.49,MZ03,MZ03_Ocua,Cabo delgado,TDM,TDM,39.39,-11.55,60.00,0.67,0.44,0.12,0.22,2.88,961.62,2.63,0.001663,272.99,
2020,Sep,29,271,286.44,MZ03,MZ03_Ocua,Cabo delgado,TDM,TDM,39.39,-11.55,60.00,0.67,0.44,0.08,0.15,2.83,961.57,2.63,0.001663,272.99,
2020,Sep,30,272,325.27,MZ03,MZ03_Ocua,Cabo delgado,TDM,TDM,39.39,-11.55,60.00,0.67,0.44,0.13,0.21,3.36,961.52,2.63,0.001663,272.99,
2020,Oct.,1,273,223.52,MZ03,MZ03_Ocua,Cabo delgado,TDM,TDM,39.39,-11.55,60.00,0.67,0.44,0.08,0.14,2.93,961.47,2.63,0.001663,272.99,
2020,Oct.,2,274,135.06,MZ03,MZ03_Ocua,Cabo delgado,TDM,TDM,39.39,-11.55,60.00,0.67,0.44,0.12,0.22,3.28,961.42,2.63,0.001663,272.99,
2020,Oct.,3,275,498.59,MZ03,MZ03_Ocua,Cabo delgado,TDM,TDM,39.39,-11.55,60.00,0.67,0.44,0.14,0.24,3.38,961.27,2.63,0.001663,272.99,
2020,Oct.,4,276,145.19,MZ03,MZ03_Ocua,Cabo delgado,TDM,TDM,39.39,-11.55,60.00,0.67,0.44,0.20,0.28,3.66,961.22,2.63,0.001663,272.99,
2020,Oct.,5,277,505.20,MZ03,MZ03_Ocua,Cabo delgado,TDM,TDM,39.39,-11.55,60.00,0.67,0.44,0.15,0.23,3.77,961.17,2.63,0.001663,272.99,
2020,Oct.,6,278,489.66,MZ03,MZ03_Ocua,Cabo delgado,TDM,TDM,39.39,-11.55,60.00,0.67,0.44,0.19,0.26,3.81,961.13,2.63,0.001663,272.99,
2020,Oct.,7,279,277.29,MZ03,MZ03_Ocua,Cabo delgado,TDM,TDM,39.39,-11.55,60.00,0.67,0.44,0.14,0.18,3.48,961.08,2.63,0.001663,272.99,
2020,Oct.,8,280,293.20,MZ03,MZ03_Ocua,Cabo delgado,TDM,TDM,39.39,-11.55,60.00,0.67,0.44,0.10,0.15,3.48,961.03,2.63,0.001663,272.99,
2020,Oct,9,281,439.23,MZ03,MZ03_Ocua,Cabo delgado,TDM,TDM,39.39,-11.55,60.00,0.67,0.44,0.08,0.11,3.26,960.98,2.63,0.001663,272.99,
2020,Oct,10,282,396.44,MZ03,MZ03_Ocua,Cabo delgado,TDM,TDM,39.39,-11.55,60.00,0.67,0.44,0.05,0.09,3.41,960.93,2.63,0.001663,272.99,
2020,Oct,11,283,282.55,MZ03,MZ03_Ocua,Cabo delgado,TDM,TDM,39.39,-11.55,60.00,0.67,0.44,0.06,0.12,3.98,960.88,2.63,0.001663,272.99,
2020,Oct,12,284,96.04,MZ03,MZ03_Ocua,Cabo delgado,TDM,TDM,39.39,-11.55,60.00,0.67,0.44,0.05,0.08,3.74,960.83,2.63,0.001663,272.99,
2020,Oct,13,285,274.98,MZ03,MZ03_Ocua,Cabo delgado,TDM,TDM,39.39,-11.55,60.00,0.67,0.44,0.13,0.22,4.33,960.68,2.63,0.001664,272.99,
2020,Oct,14,286,593.26,MZ03,MZ03_Ocua,Cabo delgado,TDM,TDM,39.39,-11.55,60.00,0.67,0.44,0.17,0.29,4.47,960.63,2.63,0.001664,272.99,
2020,Oct,15,287,418.62,MZ03,MZ03_Ocua,Cabo delgado,TDM,TDM,39.39,-11.55,60.00,0.67,0.44,0.10,0.14,4.18,960.58,2.63,0.001664,272.99,
2020,Oct,16,288,358.45,MZ03,MZ03_Ocua,Cabo delgado,TDM,TDM,39.39,-11.55,60.00,0.67,0.44,0.04,0.06,4.52,956.98,2.61,0.000945,272.99,
2020,Oct,17,289,780.74,MZ03,MZ03_Ocua,Cabo delgado,TDM,TDM,39.39,-11.55,60.00,0.67,0.44,0.05,0.07,3.86,956.94,2.61,0.000945,272.99,
2020,Oct,18,290,374.34,MZ03,MZ03_Ocua,Cabo delgado,TDM,TDM,39.39,-11.55,60.00,0.67,0.44,0.06,0.08,3.92,956.72,2.61,0.000945,272.99,
